UserName,Password,IP,DataTime,Date,Time
Admin,Reset@123,49.204.235.251,12/03/2026 08:12:36 PM,12/03/2026,08:12:36 PM
Admin,Reset@123,49.204.235.251,12/03/2026 08:36:03 PM,12/03/2026,08:36:03 PM
TestUser,TestPass,192.168.1.1,12/03/2026 08:55:00 PM,12/03/2026,08:55:00 PM
Admin,Reset@123,192.168.1.100,12/03/2026 09:00:00 PM,12/03/2026,09:00:00 PM
Admin,Reset@123,192.168.1.100,12/03/2026 09:05:00 PM,12/03/2026,09:05:00 PM
Admin,Reset@123,49.204.235.251,12/03/2026 09:03:22 PM,12/03/2026,09:03:22 PM
Admin,Reset@123,49.204.235.251,12/03/2026 09:03:47 PM,12/03/2026,09:03:47 PM
Admin,Reset@123,49.204.235.251,N/A,MACHINE-D6F9F94,16/03/2026 06:59:05 PM
Admin,Reset@123,49.204.235.251,N/A,MACHINE-D6F9F94,16/03/2026 07:02:56 PM
Admin,Reset@123,49.47.219.32,N/A,MACHINE-5A8F62BD,19/04/2026 06:42:54 PM
Admin,Reset@123,49.47.219.32,N/A,MACHINE-5A8F62BD,19/04/2026 06:47:29 PM
Admin,Reset@123,49.47.219.32,N/A,MACHINE-5A8F62BD,19/04/2026 06:47:36 PM
Admin,Reset@123,49.47.219.32,N/A,MACHINE-5A8F62BD,19/04/2026 06:49:23 PM
Admin,Reset@123,49.47.219.32,N/A,MACHINE-5A8F62BD,19/04/2026 06:53:53 PM
Admin,Reset@123,49.47.219.32,N/A,MACHINE-5A8F62BD,19/04/2026 06:58:18 PM
Admin,Reset@123,49.47.219.32,N/A,MACHINE-5A8F62BD,19/04/2026 07:00:10 PM
Admin,Reset@123,49.47.219.32,N/A,MACHINE-5A8F62BD,19/04/2026 07:43:46 PM
